<?xml version="1.0" encoding="UTF-8"?>
<project-private xmlns="http://www.netbeans.org/ns/project-private/1">
    <editor-bookmarks xmlns="http://www.netbeans.org/ns/editor-bookmarks/2" lastBookmarkId="0"/>
    <open-files xmlns="http://www.netbeans.org/ns/projectui-open-files/2">
        <group>
            <file>file:/C:/Users/Admin/Documents/NetBeansProjects/Game/src/jogo/Jogador.java</file>
            <file>file:/C:/Users/Admin/Documents/NetBeansProjects/Game/src/jogo/Main.java</file>
            <file>file:/C:/Users/Admin/Documents/NetBeansProjects/Game/src/jogo/EscolhePlayer.java</file>
            <file>file:/C:/Users/Admin/Documents/NetBeansProjects/Game/src/jogo/Cenario1.java</file>
            <file>file:/C:/Users/Admin/Documents/NetBeansProjects/Game/src/jogo/Menu.java</file>
            <file>file:/C:/Users/Admin/Documents/NetBeansProjects/Game/src/jogo/ControleTiros.java</file>
        </group>
    </open-files>
</project-private>
